,score
A_MET1,0.021894177
A_SER2,0.011129508
A_ASN3,0.010173279
A_PRO4,0.011326092
A_TYR5,0.012590723
A_GLN6,0.042115726
A_ARG7,0.055343356
A_GLY8,0.21454088
A_PRO9,0.46328446
A_ASN10,0.96490175
A_PRO11,0.57018536
A_THR12,0.8366019
A_ARG13,0.037628703
A_SER14,0.06840216
A_ALA15,0.08185481
A_LEU16,0.5749776
A_THR17,0.76030284
A_ALA18,0.9740845
A_ASP19,0.7870512
A_GLY20,0.89664644
A_PRO21,0.8563966
A_PHE22,0.66196525
A_SER23,0.88616085
A_VAL24,0.2729233
A_ALA25,0.016478341
A_THR26,0.010916348
A_TYR27,0.008428911
A_THR28,0.0491486
A_VAL29,0.9762325
A_SER30,0.98401946
A_ARG31,0.96924365
A_LEU32,0.9740942
A_SER33,0.9648323
A_VAL34,0.9841591
A_SER35,0.9849536
A_GLY36,0.9715151
A_PHE37,0.9625029
A_GLY38,0.8600435
A_GLY39,0.91616726
A_GLY40,0.018280406
A_VAL41,0.008013221
A_ILE42,0.007418101
A_TYR43,0.0074579976
A_TYR44,0.010241832
A_PRO45,0.98131365
A_THR46,0.98399115
A_GLY47,0.9817794
A_THR48,0.959744
A_SER49,0.844285
A_LEU50,0.98187065
A_THR51,0.53129804
A_PHE52,0.09955775
A_GLY53,0.0071985736
A_GLY54,0.008481694
A_ILE55,0.007945438
A_ALA56,0.0096525615
A_MET57,0.007893043
A_SER58,0.009837048
A_PRO59,0.18595634
A_GLY60,0.1801943
A_TYR61,0.122041695
A_THR62,0.25136015
A_ALA63,0.61554265
A_ASP64,0.02659961
A_ALA65,0.010130172
A_SER66,0.010291665
A_SER67,0.01590805
A_LEU68,0.030240847
A_ALA69,0.0072392523
A_TRP70,0.0092538055
A_LEU71,0.009318931
A_GLY72,0.009248489
A_ARG73,0.007698531
A_ARG74,0.0072700502
A_LEU75,0.008470921
A_ALA76,0.009453013
A_SER77,0.10313206
A_HIS78,0.09676134
A_GLY79,0.02232345
A_PHE80,0.007879381
A_VAL81,0.008368432
A_VAL82,0.008806765
A_LEU83,0.008339166
A_VAL84,0.007521216
A_ILE85,0.055607725
A_ASN86,0.59622175
A_THR87,0.59336424
A_ASN88,0.5319063
A_SER89,0.8039002
A_ARG90,0.91015226
A_PHE91,0.9458763
A_ASP92,0.9814728
A_GLY93,0.8937314
A_PRO94,0.014990506
A_ASP95,0.0077052894
A_SER96,0.008360276
A_ARG97,0.009340355
A_ALA98,0.0069975876
A_SER99,0.009463924
A_GLN100,0.008339346
A_LEU101,0.008416705
A_SER102,0.0077391714
A_ALA103,0.007772632
A_ALA104,0.009636163
A_LEU105,0.00827691
A_ASN106,0.007959529
A_TYR107,0.0076451334
A_LEU108,0.011309137
A_ARG109,0.07756804
A_THR110,0.4197099
A_SER111,0.97719425
A_SER112,0.9813566
A_PRO113,0.90078014
A_SER114,0.02902714
A_ALA115,0.010942457
A_VAL116,0.010338317
A_ARG117,0.040465962
A_ALA118,0.6394724
A_ARG119,0.9697835
A_LEU120,0.53516704
A_ASP121,0.86649066
A_ALA122,0.32322168
A_ASN123,0.17424595
A_ARG124,0.08044426
A_LEU125,0.009740457
A_ALA126,0.007452141
A_VAL127,0.00828563
A_ALA128,0.0083950935
A_GLY129,0.0070632207
A_HIS130,0.007641324
A_SER131,0.009074076
A_MET132,0.009660507
A_GLY133,0.010775836
A_GLY134,0.008860951
A_GLY135,0.007208465
A_GLY136,0.008294937
A_THR137,0.0074864053
A_LEU138,0.009774493
A_ARG139,0.008037364
A_ILE140,0.008883908
A_ALA141,0.14660914
A_GLU142,0.71880007
A_GLN143,0.9709984
A_ASN144,0.98326236
A_PRO145,0.9766974
A_SER146,0.6404283
A_LEU147,0.3012482
A_LYS148,0.21634679
A_ALA149,0.009789993
A_ALA150,0.008145201
A_VAL151,0.009403372
A_PRO152,0.0079294285
A_LEU153,0.0086157685
A_THR154,0.019233493
A_PRO155,0.01710667
A_TRP156,0.027122382
A_HIS157,0.19576262
A_THR158,0.45162344
A_ASP159,0.6169842
A_LYS160,0.9694249
A_THR161,0.956376
A_PHE162,0.95684016
A_ASN163,0.9824241
A_THR164,0.7002625
A_SER165,0.81852436
A_VAL166,0.5110464
A_PRO167,0.010711427
A_VAL168,0.008622587
A_LEU169,0.007872368
A_ILE170,0.009276419
A_VAL171,0.0074421503
A_GLY172,0.0074225017
A_ALA173,0.009024629
A_GLU174,0.0127284825
A_ALA175,0.2354682
A_ASP176,0.24918734
A_THR177,0.09050194
A_VAL178,0.055263232
A_ALA179,0.07362815
A_PRO180,0.4160389
A_VAL181,0.007566777
A_SER182,0.0085456865
A_GLN183,0.015795084
A_HIS184,0.008022862
A_ALA185,0.007833372
A_ILE186,0.0075187385
A_PRO187,0.008612508
A_PHE188,0.0074053616
A_TYR189,0.01046054
A_GLN190,0.10682612
A_ASN191,0.49992362
A_LEU192,0.9824424
A_PRO193,0.9709164
A_SER194,0.9823416
A_THR195,0.84049684
A_THR196,0.2294607
A_PRO197,0.015047467
A_LYS198,0.008119589
A_VAL199,0.007613322
A_TYR200,0.0076972693
A_VAL201,0.0090532
A_GLU202,0.009416043
A_LEU203,0.010168842
A_CYS204,0.057279166
A_ASN205,0.14541887
A_ALA206,0.024208069
A_SER207,0.012920543
A_HIS208,0.019262016
A_ILE209,0.01090513
A_ALA210,0.00863983
A_PRO211,0.008760402
A_ASN212,0.009402657
A_SER213,0.32259262
A_ASN214,0.8406071
A_ASN215,0.05307427
A_ALA216,0.008983393
A_ALA217,0.008570316
A_ILE218,0.0071308143
A_SER219,0.008534755
A_VAL220,0.00825925
A_TYR221,0.009289759
A_THR222,0.007551557
A_ILE223,0.008153265
A_SER224,0.00774505
A_TRP225,0.0067047267
A_MET226,0.008001368
A_LYS227,0.007838527
A_LEU228,0.008388835
A_TRP229,0.08542861
A_VAL230,0.12692599
A_ASP231,0.038813587
A_ASN232,0.022992993
A_ASP233,0.030521227
A_THR234,0.20951056
A_ARG235,0.04670612
A_TYR236,0.11979971
A_ARG237,0.22954252
A_GLN238,0.47983804
A_PHE239,0.9527491
A_LEU240,0.9774954
A_CYS241,0.65195006
A_ASN242,0.9826595
A_VAL243,0.9857184
A_ASN244,0.9844168
A_ASP245,0.98121214
A_PRO246,0.9414793
A_ALA247,0.4796957
A_LEU248,0.3038973
A_CYS249,0.12484427
A_ASP250,0.023974886
A_PHE251,0.012858671
A_ARG252,0.008112728
A_THR253,0.015416878
A_ASN254,0.17122519
A_ASN255,0.3434849
A_ARG256,0.25887528
A_HIS257,0.27000386
A_CYS258,0.1179377
A_GLN259,0.23491557
